item_id,name,material,product_type,mass_kg,bbox_vol,fill,hull_fill,true_vol,faces,mb
B0764TFM7L,"AmazonBasics Faux Linen Upholstered Tufted Headboard - Queen, Beige",polyester faux-linen upholstery,HEADBOARD,8.799691978,0.0797517437219999,0.6986641958408002,0.7496201814285032,0.05571968789443265,10804,1.757956
B07HZ73SBZ,"Amazon Brand – Stone & Beam Fischer Sleeper Chair, 51""W, Chestnut Leather",leather,CHAIR,92.07925111,1.6698090474719998,0.6257190926649039,0.7936963769000085,1.044831402107827,69426,5.109408
B071W5V76G,"Amazon Brand – Stone & Beam Bryant Modern Loveseat Sofa Couch with Slipcover, 69.3""W, Storm Grey",hardwood in blend of cotton/linen/viscose/polyester,HOME_FURNITURE_AND_DECOR,47.58183961300001,1.5324103983988795,0.7698652916367493,0.8494750861536787,1.1797495782705405,13394,3.632884
B07DBKNWZT,"Amazon Brand – Ravenna Home Sage Diamond Tufted Ottoman, 36""W, Charcoal Grey",wood frame; polyester,OTTOMAN,13.7710643532,0.3610397940479999,0.6838500400977995,0.9084465080018529,0.246897077636626,187322,8.4992
B07DBDPM9W,"Amazon Brand – Ravenna Home Waterloo Modern Slipcover Sofa, 71""W, Beige",polyester,FURNITURE_COVER,38.999871972600005,1.3154613206849997,0.5912424013455507,0.777886451679619,0.7777565101189888,12390,2.577008
B075X3SJ2T,"Amazon Brand – Stone & Beam Marin Studded Loveseat, 60""W, Beige",stone,HOME_FURNITURE_AND_DECOR,45.359237,1.49155056528,0.5357697424424439,0.7589516111045498,0.7991276621999472,53100,3.995092
B075X2LLTD,"Niet Geo Diamond Black Moderne Tischlampe aus Keramik mit LED-Leuchtmittel 22.75"" schwarz",,LAMP,1.133980925,0.0451094904259999,0.24513943436814842,0.6258479754125622,0.011058114967665022,8301,3.515424
B07DBB1SD2,"Amazon Brand – Ravenna Home Rustic Small TV Media Entertainment Console Table Stand, 42""W, Espresso",,TABLE,22.6796185,0.2168008567199999,0.31818628780338193,0.9242799339887455,0.06898305979232966,30250,3.878216
B073NZPPSX,"Amazon Brand – Rivet Puppy Eyed Dog in Burgundy Collar Print Wall Art in Black Frame, 12.5"" x 12.5""",wood,ANIMAL_COLLAR,1.3562411863,0.0032005984375,0.9999898584700225,0.9999898584700225,0.0032005659785350003,762,0.545648
B072C8Q4SG,"Amazon Brand – Stone & Beam Lummi Modern Armless Slipper Accent Chair, 21.6""W, Chianti",polyester,CHAIR,11.657323909,0.3476800926384239,0.3433301706666799,0.6441507277149939,0.11936906554295718,25028,3.186672
B07HZ9KB5B,"Amazon Brand – Stone & Beam Clayton Reclining Contemporary Leather Living-Room Chair, 30""W, Oatmeal",leather,CHAIR,34.47302012,0.960691627,0.348798375870771,0.7635350194539485,0.3350876792102485,35113,5.0196
B07HZ7634C,"Amazon Brand – Stone & Beam Blaine Modern Loveseat Sofa, 55.""W, Beige",polyester,SOFA,39.91612856,1.2119167890647995,0.5871217443225166,0.8223263443120253,0.7115426991694686,25310,4.042736
B075HX9TCW,"Amazon Brand – Rivet Triangle Wall Mount Vase, 7""H, Modern Earthenware, Aqua",ceramic,PLANTER,0.1905087954,0.0012847458175999,0.19510153442923595,0.21051239482274203,0.0002506558803652838,7228,0.482796
B07HSCYS4C,"Amazon Brand – Rivet Modern 3-Drawer Desk, 51.9""W, White",,DESK,36.105952652,0.6098003416872,0.33249222655796434,0.9789060487921265,0.20275387336338457,4234,0.709032
B07HZ6X84B,"Amazon Brand – Stone & Beam Clayton Reclining Contemporary Leather Living-Room Chair, 30""W, Gray",leather,CHAIR,102.05828325,1.4249371501199997,0.348798375870771,0.7635350194539485,0.4970157636797809,35113,5.011084
B07DTF76PJ,"Amazon Brand – Rivet Mid Century Modern 3 Light Living Room Standing Floor Lamp with Integrated LED Light - 67.5 Inches, Antique Brass Finish",,LAMP,6.0962814528,0.0343308368091567,0.04533408674756207,0.36698431168143186,0.001556357134022707,7636,4.127892
B073P15S9V,"Amazon Brand – Stone & Beam Contemporary Gold and Grey Hay Bales Print Wall Art on Canvas, 30"" x 30""",canvas,WALL_ART,1.36077711,0.0221225364,0.8185419349079978,0.9517422041863017,0.018108223749928612,19524,2.348388
B07DBHPK22,"Amazon Brand – Ravenna Home Galer Tufted Nailhead Lift Top Storage Bedroom and Entryway Bench, 15.75""W, Charcoal Grey",wood frame; polyester,BENCH,11.3760966396,0.1981534020794999,0.5814531970160299,0.9250396082113882,0.11521692913872805,29919,3.344512
B00WRDS0AU,AmazonBasics Laptop Desk Stand for PC and Macbook - Silver,metal,PORTABLE_ELECTRONIC_DEVICE_STAND,2.0003423517,0.0093823279527259,0.14332520960896622,0.8444705339163721,0.0013447241204445025,38362,3.956888
B07HZ65PW3,"Amazon Brand – Rivet Goodwin Modern Loveseat, 61.8""W, Light-Gray Fabric",polyester,SOFA,36.922418918000005,1.3124453307169917,0.5395648745052638,0.7682554282268205,0.708149400163333,48570,4.696804
B07B4GVQXP,"Amazon Brand – Stone & Beam Andover Slipcover Sofa Couch, 90""W, Stone Fabric",,HOME_FURNITURE_AND_DECOR,66.67807839000001,2.5618388763119997,0.8473887416214986,0.8985065708077286,2.170873421635059,56844,4.255532
B075X4PT6K,"Amazon Brand – Stone & Beam Marin Studded Chair, 33""W, Charcoal",stone,HOME_FURNITURE_AND_DECOR,36.2873896,0.8203528109039998,0.507894353290955,0.7292920752876442,0.4166525603645041,100784,5.880636
B07DB92GM8,"Amazon Brand – Ravenna Home Darian Oversized Pillow Sofa, 92""W, Brown",polyester,PILLOW,58.513415730000006,2.0081363708159996,0.66931816015664,0.7937859697737201,1.3440821410581971,43480,3.247264
B07JQTGKS7,"Amazon Brand – Stone & Beam Nevaeh Contemporary Swivel Chair, Fabric, 31""W, Stone",nylon blend,CHAIR,32.658650640000005,0.633982732032,0.5447480791935659,0.689634494117953,0.3453608755163212,25216,3.760324
B07B4M6B3B,"Amazon Brand – Stone & Beam Alderman Mid-Century Modern Accent Chair, 29.9""W, Dark Brown Leather",stone,CHAIR,18.960161066,0.6207960616311999,0.32182821501711195,0.7311231076355359,0.1997896884044221,17732,2.376752
B073WGQBPY,"Amazon Brand – Stone & Beam Vintage-Look Rectangular Barn Farmhouse Frame White Window Wood Mirror, 32.75 Inch Height, White",iron,HOME_MIRROR,5.080234544,0.012242929143125,0.6887327209767462,0.625496321809539,0.008432105901469984,29970,2.541588
B075HWTLKD,"Amazon Brand – Rivet Abstract Gold Ribbon Print on Canvas Wall Art Decor, 30"" x 30""",canvas,WALL_ART,1.81436948,0.0221225364,0.9798040587903614,0.9769073541889528,0.02167575095545751,3396,2.648452
B077PR596W,"Amazon Brand - Movian Constance - 3-Door Shoe Cabinet/Cupboard/Organizer, 75 x 25 x 128cm, Black & White New York Print",wood,CLOTHES_RACK,25.49999997861594,0.2399999992655999,0.9852095235662528,0.9717808928858823,0.2364502849323627,2262,2.00808
B07BWKH16R,"Amazon Brand – Stone & Beam Bradbury Chesterfield Tufted Leather Sofa Couch, 92.9""W, Black",stone,SOFA,67.58526313,1.892548166509,0.6239138101473057,0.8424698199591099,1.1807869374539277,46260,3.419572
B01LONQBDG,Amazon Basics USB Type-C to Micro-B 2.0 Cable - 15.2 cm - White,,ELECTRONIC_CABLE,0.00997903214,0.0001470558736295,0.3416056802585162,0.6726371640691992,5.023512174721574e-05,7890,10.132816
B075YMW6VR,"Amazon Brand – Stone & Beam Parson Wood Trestle Dining Table, 78""-96""L, Oak Finish",oak,TABLE,96.16158244,1.5338291904,0.21900933226902336,0.7901958249074021,0.3359229068042407,2028,1.822164
B07HZ6YWZY,"Amazon Brand – Stone & Beam Blaine Modern Ottoman, 36.2""W, Navy Blue",,OTTOMAN,11.974838568,0.273565515319488,0.759442722703531,0.8962461152112676,0.20775733979202646,18500,1.511992
B073WRLNS9,"AmazonBasics Foldable, 14"" Metal Platform Bed Frame with Tool-Free Assembly, No Box Spring Needed - Queen",steel,BED_FRAME,20.683812072,1.1012107007999998,0.6076241676055637,0.9493790068614752,0.6691222354319394,74836,7.149664
B07DBDRN8S,"Amazon Brand – Ravenna Home Rai Tufted Arched Armless Loveseat Bench Settee, 52""W, Light Grey",wood,SOFA,25.8048699293,1.240697389568,0.35019686413534523,0.6408369198644724,0.4344883351676224,16850,3.122152
B07B4L9P6Y,"Amazon Brand – Stone & Beam Appleton Farmhouse Leather Recliner, 35""W, Charcoal",leather,CHAIR,44.905644630000005,1.178164353344,0.4071991719802133,0.6056217572992281,0.47974754913828027,31690,3.26302
B075QDV39J,"Amazon Brand – Stone & Beam Barrett French Country Metal Twin Daybed Frame, 91"" L, Antiqued White",metal,BED,35.83379723,2.0027122526319996,0.34698009617407854,0.9384792892717456,0.6949012900272568,56912,3.058904
B075HWX46K,"Amazon Brand – Stone & Beam Modern Farmhouse Triangle Pattern Stoneware Home Decor Flower Vase - 9 x 6.6 Inches, Ecru White",灰石色,VASE,1.179340162,0.0064829208018744,0.4234280393781017,0.4844594106036862,0.002745050444581188,4100,1.445308
B075X2XZDD,"Iluminación moderna Stone & Beam, Lámpara de pie, Cepillado inoxidable",,LAMP,3.62873896,0.115627123584,0.05847847599868102,0.39648759419975804,0.006761697971303468,9530,1.140924
B073NZS56X,"Amazon Brand – Rivet Blue Ocean Waves Print on Canvas, 24"" x 16""",canvas,WALL_ART,0.90718474,0.0094389488639999,0.6585082929218542,0.9569090344270659,0.006215626103409249,13274,2.384276
B074VKWJWP,"Amazon Brand – Stone & Beam Striated Velvet Linen-Look Decorative Throw Pillow, 17"" x 17"", Vanilla",velvet/linen/plush,PILLOW,0.45359237,0.0142075844879999,0.5825575419161853,0.5403099962385202,0.008276735495895745,32768,2.594636
B07B7HVRTJ,"Amazon Brand – Stone & Beam Alicia Contemporary Wood Office Chair, 32""H, Black",wood,CHAIR,15.966451424000002,0.3926915649882025,0.11799892461921163,0.5262083134146947,0.04633718237564315,26656,2.84628
B07DB8XJZH,"Amazon Brand – Ravenna Home Justin Round Tufted Storage Pouf Ottoman Bench, 24""W, Beige",polyester; sturdy wooden frame,OTTOMAN,9.52543977,0.1699010795519999,0.8175037324743741,0.7592362597360361,0.1388947666851855,33178,4.636252
B072Y5MZQH,"AmazonBasics Classic Leather Office Desk Guest Chair with Metal Frame, Black",bonded leather and metal frame,CHAIR,11.1991956153,0.3793558121255679,0.1768860919738334,0.6785836636458713,0.06710276707445147,32370,6.455144
B07G2FP3M3,ROSSINI MILAZZO 2 SEATER MAXI,,SOFA,57.999999951361744,1.6105319950717716,0.5599256987496247,0.7731686299858452,0.9017782526991889,33472,3.37118
B0732FVYR7,"Amazon Brand – Rivet Abstract Reflections Modern Wool Area Rug, 8 x 10 Foot, Grey",wool,RUG,10.88621688,0.0188778977279999,0.9923593156685848,0.9923593156685848,0.018733657670619516,4992,3.304044
B07B8XC5QS,"Amazon Brand – Stone & Beam Farmhouse Decor Wall Clock and Mail Storage Organizer - 38 Inch, Wood with Black Detail",hardwood,CLOCK,2.540117272,0.011091993945,0.9994268661325273,0.9994268661325273,0.011085636747612319,1497,2.6307
B075X4F3WY,"Amazon Brand – Rivet Lawson Mid-Century Modern Angled Leather Arm Chair, 33""W, Saddle Brown",leather,CHAIR,26.76194983,0.6251337174719999,0.5441743608319419,0.7484765971456906,0.3401817411398213,23617,3.088652
B07B4SCB53,"Amazon Brand – Stone & Beam Katama Slipcover Queen Size Headboard, 66""W, Curious Charcoal",stone,HOME_FURNITURE_AND_DECOR,32.658650640000005,0.2249616145919999,0.5979554447066345,0.7183324270060092,0.1345170222952818,18240,1.968492
B07B51K5BK,"Amazon Brand – Stone & Beam Bridgewater Scalloped King Headboard, 88""W, Curious Pearl",stone,HEADBOARD,41.276905670000005,0.3677257161599999,0.5970097547334389,0.724540070523766,0.2195358396138597,21010,3.117808
B07J2JGXD7,"Amazon Brand – Rivet Abel Modern Contemporary Sofa, 81""W, Navy",wood,SOFA,31.29787353,1.5049879577599998,0.5127404139603787,0.7828516612762259,0.7716681484672473,57632,5.060936
B07BW8QTXH,"Amazon Brand – Rivet Edgewest Modern Left-Facing U-Shape Sectional, Leather, 117""W, Saddle",wood,SOFA,53.97749203,1.4535981250559995,0.4630799605957604,0.821978038968757,0.6731321624730034,105024,5.307288
B07B4YHYR2,"Rivet Mid-Century Modern Task Lamp, 67""H, with Bulb, Matte Black & Brushed Steel Accents",glass/metal+plastic,LAMP,5.511147295500001,0.1921383254,0.09089230080557963,0.4978016430062485,0.01746389446853714,27144,1.175164
B073ZSL7Y1,"Amazon Brand – Rivet Emerly Modern Sectional Sofa, 96""W, Navy","velvet, hardwood frame, metal legs",SOFA,93.44002822,1.8720581913599996,0.3846335933079677,0.7086928401170238,0.7200564690244117,34056,3.864164
B07B4G5R5H,"Amazon Brand – Stone & Beam Canfield Modern Reclining Tufted Arm Chair, 30.3""W, Light Grey",stone,CHAIR,36.98592184980001,0.4997197804294078,0.5092930955848504,0.7316848434532782,0.2545038338998748,23052,2.361276
B07GF5DCJJ,"Marca Amazon - Rivet - Mesa Auxiliar Hexagonal Con Patas Negras Metálicas, Nogal",nogal,TABLE,4.099999996561778,0.09199999971848,0.06163595974544296,0.5855083524930474,0.005670508279228997,4218,5.690892
B07GFDZWMS,"Amazon Brand - Movian Inari 3-door Shoe Cabinet/Cupboard/Organizer, 25 x 75 x 128 cm, Dark Grey",wood,CABINET,26.49999997777735,0.2399999992655999,0.9840243328650343,0.9716669984158411,0.23616583916494066,2562,3.275468
B07B7B94D8,"Amazon Brand – Stone & Beam Bradhurst Rustic Wood Dining Table, 86.6""L, Brown",hardwood,TABLE,40.7008433601,1.6373728862799355,0.18748971336318707,0.8813494996428276,0.3069905731172794,3664,2.949188
B07B7B2429,"Amazon Brand – Stone & Beam Alejandra Casual Farmhouse Wood Dining Room Kitchen Chairs, 39""H, Set of 2, Grey",wood,CHAIR,10.9996149725,0.26215205634,0.13979619663950468,0.6309066781447212,0.03664786041755715,16000,4.038752
B07NYSJH2F,"Ravenna Home Classic Plank-Top End Table, 18""W, White Wood",,TABLE,10.659420695,0.1699010795519999,0.3015999045490538,0.8884353124130878,0.05124214937566436,20658,2.303716
B07C41C1C8,Express Furniture,holz,CABINET,109.99999990775504,1.2959999960342397,0.9981695628131028,0.9981695628131028,1.2936277494472799,1368,0.361236
B0825F3GC7,"Amazon Brand – Rivet Modern Integrated-LED Metal Table Lamp with Adjustable Shade, LED Bulb Included, 22""H, Matte Black",metal,LAMP,1.5966451424,0.03492493015,0.18880976888564813,0.4680439813893397,0.0065941679899689035,19146,1.12476
B073P1J8FV,"Amazon Brand – Stone & Beam Modern Coral Ikat-Inspired Print Wall Art on Canvas, 24"" x 24""",canvas,WALL_ART,0.90718474,0.0141584232959999,0.9994229176653541,0.9994229176653541,0.014150252720029339,916,1.796228
B075X463J2,"Amazon Brand – Stone & Beam Janelle Button Tufted Ottoman, 37""W, Dune",stone,OTTOMAN,12.24699399,0.4262439217039999,0.4840012648122838,0.6422439253896488,0.206302597223284,129104,6.853068
B07DBB1S8N,"Amazon Brand – Ravenna Home Upholstered Entryway Cushioned Storage Bench - 47 1/4-Inch, Espresso",wood,BENCH,24.267191795,0.1944038042238719,0.6589517786549661,0.9476373768208198,0.12810273257061222,13995,2.646952
B075QJDGNN,"Amazon Brand – Stone & Beam Darby Wingback Full / Queen Upholstered Headboard, 66.25""W, Navy Blue",wood frame; polyester fabric,HEADBOARD,28.440241599000004,0.6569497143237499,0.5547768651342457,0.7125295607466182,0.3644605030633683,34256,3.604832
B07B4P1X7M,"Amazon Brand – Stone & Beam Edmunds Traditional Recliner, 30""W, Cream",stone,CHAIR,39.91612856,0.927966660192,0.41601417825320924,0.7090012246631097,0.3860472875861499,22992,3.854956
B07DTF7N9Q,"Amazon Brand – Rivet Mid-Century Modern Metal Starburst 2-Light Wall Sconce Lamp, Bulbs Included, 17.5""H, Antique Gold",metal,LIGHT_FIXTURE,1.7962257852,0.0259175272422612,0.13005709748927483,0.6859571580502201,0.003370758367227701,10184,5.487768
B07B4MTFSC,"Amazon Brand – Stone & Beam Andover Leather Living Room Accent Chair, 38""W, Charcoal",leather,CHAIR,41.73049804,0.8539462921039999,0.6524272887318515,0.8701680743941532,0.5571378640800303,36300,5.64538
B07C8WYFPM,"Amazon Brand – Rivet Glam Soft Faux Fur Throw Pillow - 20 x 20 Inch, Grey",,PILLOW,0.6803885550000001,0.0458837792,0.643936486579736,0.5888971319858349,0.029546239569048373,16320,2.822108
B071J7Q6DW,"Amazon Brand – Rivet Emerly Modern Ottoman, 33""W, Pewter",velvet,OTTOMAN,11.33980925,0.3114853125119999,0.7054298906226232,0.9306614558729661,0.21973104993589368,5366,2.793672
B07DBFC2N9,"Amazon Brand – Ravenna Home Peterson Modern Glass Cabinet Storage TV Media Entertainment Console Stand, 46""W, Dark Espresso",glass,HOME_FURNITURE_AND_DECOR,36.2873896,0.4025318400959999,0.7871761620413292,0.9791259564706536,0.31686346898620327,16008,6.718952
B075X4F5J6,"Amazon Brand – Stone & Beam Marin Studded Sofa, 87""W, Pewter",stone,HOME_FURNITURE_AND_DECOR,61.23496995,2.1627483196559996,0.5738699134935566,0.7346783205002015,1.2411361911093235,33004,4.186416
B07K6M8HKR,"AmazonBasics Heavy Duty Non-Slip Bed Frame with Steel Slats, Easy Assembly - 14""H, Twin",steel,BED_FRAME,12.292353227,0.6710502707999999,0.4672795163877366,0.9800058182876066,0.31356804601128363,13978,1.80222
B07HKF28GD,"Amazon Brand – Rivet Contemporary Standing Floor Lamp with LED Light Bulb, 58.5""H, Satin Gold Finish",linen,LAMP,5.397749203,0.0668633088731147,0.1439216475812224,0.6225834630785795,0.009623077575750835,12636,2.276588
B071ZJ3X28,"Amazon Brand – Rivet Geometric Color Blocking Rug, 5' x 8', Blue",polyester,RUG,15.42214058,0.0613531676159999,0.9949703270502824,0.9949703270502824,0.06104458124846222,2076,2.477104
B0732JF64T,"Rivet Arrow Wool Rug, 8' x 10', Black & Ivory",,HOME_FURNITURE_AND_DECOR,10.88621688,0.0188778977279999,0.993836634386154,0.993836634386154,0.018761546342281443,6080,2.967068
B07B7B4JTW,"Amazon Brand – Stone & Beam Jon Casual Farmhouse Wood Dining Chair, 40""H, Pack of 2, Beige",wood,CHAIR,20.41165665,0.393289536,0.1571449428390905,0.5361550127728895,0.061803461653932426,22956,3.265772
B07H8SSY2P,"Amazon Brand - Movian Kuban Dining Table, Seats 4-6, 180 x 78 x 90cm, Brown Oak-Effect Table Top/Black Legs",metal,TABLE,70.99999994046007,1.2635999961333837,0.12445054221529704,0.9422659365464096,0.15725570466204686,1392,1.135108
B075Z9CWQP,"Amazon Brand – Stone & Beam Herring Medallion Traditional Runner, 3'11"" x 5'11"", Brick Red",stone,RUG,5.8967008100000005,0.027341816284,0.9898186862120515,0.9898186862120515,0.027063440672880155,16344,4.278508
B07121ZVX4,"Amazon Brand – Stone & Beam Contemporary Textured Jute Area Rug, 5 x 7 Foot, Tan",jute,RUG,4.535923700000001,0.04129540128,0.971887764836117,0.971887764836117,0.04013449524802973,2416,3.57714
B07B813LW1,"Amazon Brand – Rivet Mid-Century Modern Industrial Metal Buffet Credenza, 28 Inch Height, Beige, Wood",iron,CABINET,16.964354638,0.283391461086912,0.666048850863898,0.974339116324757,0.18875255700157878,5083,8.492744
B075YQ4778,"Amazon Brand – Rivet Malida Mid-Century Modern Open Back Kitchen Dining Room Accent Chair, 33""H, Felt Grey",textile,CHAIR,10.477983747,0.2736311946719999,0.21820371923739162,0.6415567068241443,0.05970734437680112,16446,2.1759
B07JXDPKGC,"Amazon Brand – Rivet Modern Velvet Lines Throw Pillow - 18 x 18 Inch, Botanical Green",,PILLOW,0.90718474,0.015928226208,0.575342209052192,0.5372215875013461,0.00916418085279374,39996,6.490036
B0753P16BL,"AmazonBasics Outdoor Pyramid Patio Heater, Black",,OUTDOOR_LIVING,29.48350405,0.7828919825999999,0.49063476730209143,0.8100192346622963,0.384114025705624,19854,8.243136
B0825D3547,"Amazon Brand – Rivet Mid-Century Modern Wall Sconce with Novelty Bulb, 5.25""H, Matte Black",metal,LIGHT_FIXTURE,0.3492661249,0.0019410989403749,0.13305685140840245,0.3719596095119852,0.0002582765132784705,17932,9.469544
B07DBDZMX3,"Amazon Brand – Ravenna Home Westly Corner Glass Storage TV Media Entertainment Cabinet Stand, 52""W, Dark Espresso",glass,HOME_FURNITURE_AND_DECOR,35.38020486,0.3151273374859999,0.5806665411995504,0.7542616622325786,0.18298390109541898,29882,2.537168
B073P6HGVH,"Amazon Brand – Stone & Beam Modern Black and White Desert Cactus Photo on Wood, Black Frame, 20"" x 20""",wood,WALL_ART,1.587573295,0.0098322383999999,0.9999872984255277,0.9999872984255277,0.009832113515091633,652,1.113484
B075X33QV4,"Amazon Brand – Stone & Beam Janelle Button Tufted Ottoman, 37""W, Dove",stone,OTTOMAN,12.24699399,0.4262439217039999,0.4837070918201738,0.6422282411136954,0.20617720777346765,39228,3.547444
B0732DWG63,"Amazon Brand – Stone & Beam Contemporary Distressed Vintage Area Rug, 5 x 8 Foot, Blue",stone,RUG,4.7173606480000005,0.0188778977279999,0.9358980815714746,0.9358980815714746,0.017667788267737607,4320,3.111968
B07GNCVKSG,"Pioneer Square BT3503-24-WH Counter Stool, 24"", White",steel,STOOL_SEATING,4.309127515,0.10194458062656,0.07920325871955229,0.7168231352612353,0.00807434299442169,13992,1.006072
B0732GFWJF,"Amazon Brand – Stone & Beam Braided Jute Area Rug, 5 x 8 Foot, Dark Navy",jute,RUG,10.704779932,0.0377557954559999,0.8610397272124456,0.8610397272124456,0.03250923982012305,1868,4.371032
B07DBCMTPB,"Amazon Brand – Ravenna Home Clear Ribbed Glass Cylinder Living Room Floor Lamp with LED Bulb - 64.25 Inches, Brushed Nickel",,LAMP,8.8223715965,0.1122486234926265,0.15733889706063645,0.6256462611764249,0.0176610746169045,18057,3.650952
B07JY4HM7S,Amazon Basics Deep Seat Patio Seat and Back Cushion Set - Blue,spun_polyester,PILLOW,2.4856861876000003,0.051209575,0.3524719017421091,0.5636401355357576,0.018049936287655166,18160,1.922796
B07HSCN9RM,"Rivet Mid-Century Modern Desk 31.5""H, Walnut Stain",,DESK,21.545637575,0.07001832495507,0.22983944776396306,0.9470827293108826,0.016092973141031003,5804,3.603024
B07DB92GZG,"Amazon Brand – Ravenna Home Sloped Nailhead Trim Accent Chair, 30""W, Gray",,CHAIR,20.41165665,0.5671972527,0.5277098245358331,0.7444849603765401,0.2993155626995236,69208,11.4999
B0716WM8TJ,"Amazon Brand – Stone & Beam Modern Dome Ceiling Mount Hanging Pendant Light Fixture With Vintage Bulb - 19.6 Inch Shade, 11.25 - 60 Inch Cord, Oil-Rubbed Bronze",metal,LIGHT_FIXTURE,1.406136347,0.3786794442525,0.06787588107620725,0.3672563165869381,0.02570320092408694,13580,6.062236
B07B8445B5,"Rivet Stevie Mid-Century Modern Bar Stool, 30""H, Pack of 2, Yellow",布料,STOOL_SEATING,7.500346243446211,0.1219504819049999,0.17021649491565138,0.8234060736692069,0.020757983583143652,10300,1.916504
B07B4D499R,"Amazon Brand – Stone & Beam Brandeberry Farmhouse Charles of London Sofa, 82""W, Light Blue",stone,SOFA,9.97903214,2.2534507188959996,0.5587294580411662,0.7087119903134661,1.2590692988912384,41024,3.693776
B07B4YR6KF,"Amazon Brand – Stone & Beam Contemporary Double Ribbed Glass Shade Ceiling Pendant Fixture With Light Bulbs - 36 x 13 x 12.25 Inches, Oil Rubbed Bronze",glass,LIGHT_FIXTURE,4.036972093,0.093947037912,0.06228059270981629,0.4395620006884306,0.005851077204490942,38830,4.319792
B07JY3BQNG,Amazon Basics Tufted Outdoor High Back Patio Chair Cushion- Khaki,spun_polyester,PILLOW,3.0708203449,0.0634507118079999,0.25400789138521235,0.5524837307946457,0.016116981513240848,45938,3.384616
B082DNRS67,"Amazon Brand – Rivet 3-Light Vanity Light with Frosted Glass Shades, 12""H, Matte Brass",brass,LIGHT_FIXTURE,2.72155422,0.0306765838079999,0.2199045859402384,0.6019624324237544,0.00674592146035924,30374,8.48036
B075ZJGDMN,"Amazon Brand – Rivet Old World Vintage Persian Runner Rug, 2' 2"" x 7' 6"", Grey and Pink",polypropylene,RUG,3.17514659,0.01917286488,0.9449390475380598,0.9449390475380598,0.01811718867828312,15104,4.824756
B075QLD8F2,"Amazon Brand – Stone & Beam Darby Wingback King Headboard, 80""W, Mist Blue","hardwood, polyester and metal",HEADBOARD,31.433951241,0.7932977682400001,0.5290690572462536,0.722314311843074,0.41970930235829385,41130,2.62288
B07HYYJKMD,"Amazon Brand – Stone & Beam Clayton Reclining Contemporary Fabric Living-Room Chair, 30""W, Latte",textile,CHAIR,44.45205226,0.8814929466879997,0.348798375870771,0.7635350194539485,0.30746330814631445,35113,4.228424
B07H8V49GP,"Amazon Brand - Movian Desna Nightstand (Set of 2), High Gloss White Colour",,TABLE,31.9999999731651,0.0674449997936182,0.9996293630221612,0.9996293630221612,0.06742000218272436,1316,0.235044
B07BWMSQ38,"Amazon Brand – Stone & Beam Andover Modern Left L-Sectional Sofa, 124""W, Charcoal",stone,SOFA,78.01788764,1.832860334272,0.4091739431970846,0.7016934289402166,0.7499586903036009,18784,4.494416
B07B7DKRW4,"Amazon Brand – Stone & Beam Anne Farmhouse French Wood Desk, 62""W, Blue",wood,DESK,18.1436948,0.495452638125,0.2711332898664699,0.9674993330274302,0.13433370374785283,36650,2.710312
B07DBCFNH9,"Amazon Brand – Ravenna Home Sarah Tufted Wingback Nailhead Trim Loveseat Bench Settee, 32""W, Dark Grey",polyester,SOFA,32.9081264435,1.145259128832,0.3755655443283227,0.7132444810437589,0.4301198681167707,34478,3.940632
B072ZRPFNM,"Amazon Brand – Rivet Hairpin Wood and Metal Tall 29.5"" Console Bar Table, Walnut and Black",metal,TABLE,20.6565965298,0.3582323622435199,0.11458246751360343,0.8578948303785863,0.04104714800908953,2484,0.599976
B084T7LRRQ,"Amazon Brand - Movian Arendsee, Desk Chair, 55 x 48.5 x 93 cm (L x W x H), White",plastic,HOME_FURNITURE_AND_DECOR,6.699999994381444,0.2525879992270807,0.09369250580523825,0.5161628095234265,0.023665602583916773,41582,6.511372
B07H8V7NXN,"Movian Atran 4-Drawer Chest, 220 x 84 x 50cm, High Gloss White Colour",,CABINET,78.99999993375134,0.92399999717256,0.998212263892195,0.998212263892195,0.9223481290140029,1560,11.214476
B0735VB381,"Amazon Brand – Stone & Beam Swirling Paisley Farmhouse Motif Wool Area Rug, 5 x 8 Foot, Multi",stone,RUG,6.35029318,0.0377557954559999,0.9914695089840023,0.9914695089840023,0.037433719982060645,64520,4.64918
B073G8Q637,"Amazon Brand – Rivet Six-Sided Modern Ottoman, 19""W, Coal",,OTTOMAN,5.8967008100000005,0.1005674117679999,0.7894947170376257,0.752357296667555,0.07939744029698347,9552,3.820852
B07H8SKPWP,"Amazon Brand - Movian Lahn 2-Drawer Nightstand (Set of 2), 45 x 36cm, Alpine White Colour",,DRESSER,23.999999979873827,0.0619199998105247,0.9454210045452438,0.9534482887887882,0.05854046842230757,5028,2.491584
B073NZPPC9,"Amazon Brand – Rivet Up Close Black and White Elephant Photo Canvas Print Wall Art Decor, 36"" x 24""",canvas,WALL_ART,1.81436948,0.0212376349439999,0.9997805040240069,0.9997805040240069,0.02123297336859008,776,1.58888
B07B4ZL3T4,"Amazon Brand – Stone & Beam Casual Plaid Flatweave Area Rug, 4' x 6', Light Gray, Beige",stone,RUG,6.80388555,0.0169901079551999,0.8743175210154317,0.8743175210154317,0.01485474906917494,4894,3.22066
B07B78G1D1,"Amazon Brand – Stone & Beam Amber Metal Buffet Table Kitchen Storage Rack, 47.5""W, White, Carrera Marble, Black Metal",iron,CABINET,56.69904625,0.6725251065599999,0.1534726656284,0.9145578930955651,0.10321422080578695,20778,2.32516
B073P1KFKS,"Amazon Brand – Stone & Beam Contemporary Blue and Tan Moroccan Print Wall Art on Canvas, 12"" x 12""",canvas,WALL_ART,0.9999999991614094,0.0035999999889839,0.511090364468689,0.9751430423418899,0.001839925306457058,19252,2.331064
B073WJ2J8P,"Amazon Brand – Stone & Beam Rustic Wood Frame Hanging Wall Mirror, 39.75 Inch Height, Natural",stone,HOME_MIRROR,4.762719885,0.0335463683909999,0.8445958265667345,0.8445958265667345,0.028333122739508734,1296,3.142596
B07DBB7FVP,"Amazon Brand – Ravenna Home Naomi 3-Drawer Storage Side End Table Nightstand, 17.7""W, Grey",solid pine; metal drawer,TABLE,21.31884139,0.107272473970752,0.8049464081711949,0.9656117479007575,0.08634859261839482,6762,3.069504
B07BMQXWX1,"Amazon Brand – Stone & Beam Farmhouse Buffalo Check Plaid Decorative Throw Pillow, 20"" x 20"", Cover and Insert, Light Grey",,PILLOW,0.6803885550000001,0.0458837792,0.6310082014907896,0.5884283191531915,0.028953040990592503,5124,2.617492
B07B7BRXDH,"Amazon Brand – Stone & Beam Alaina Contemporary High-Back Swivel Seat Bar Stool, 43""H, Blue",stone,STOOL_SEATING,8.981128926,0.286790007064,0.24173854065923162,0.7187713367767112,0.06932819778330208,24060,4.429024
B075Z9CWR8,"Amazon Brand – Stone & Beam Herring Medallion Traditional Area Rug, 5' 3"" x 7' 3"", Brick Red",stone,RUG,9.52543977,0.0449087488919999,0.9903513437378352,0.9903513437378352,0.04447543981077712,14853,4.228248
B07B4ZPGWC,"Amazon Brand – Stone & Beam Prudence Tufted King Bed, 84""W, Classic Cream","polyster/linen blend fabric, polyurethane foam, plywood frame",BED,77.1107029,7.091796913151998,0.4828875062461674,0.7278035382252578,3.424540126196236,40370,2.768212
B073P484RR,"Rivet Mid Century Modern Tripod Living Room Floor Lamp With Light Bulb And Linen Shade - 64 Inches , Black","metal, fabric",LAMP,2.72155422,0.3030951357439999,0.05986993533054521,0.48964210262226676,0.018146286175996094,23852,1.273528
B07HZ782D2,"Amazon Brand – Stone & Beam Blaine Modern Sofa Couch, 79.5""W, Navy Blue",wood,SOFA,49.895160700000005,1.7235668109239997,0.6211379420032853,0.8261495253287564,1.0705727418424986,25316,3.979168
B07B4DB68P,"Amazon Brand – Stone & Beam Isabel Traditional Sofa, 84""W, Slate Grey",stone,OTTOMAN,47.17360648,1.245725401689375,0.5981714936971413,0.7733976602100835,0.7451574242650049,21531,3.594644
B073P117XZ,"Amazon Brand – Rivet Canvas Print Wall Art of Horses Grazing in Desert Southwest Desert, 45"" x 30""",canvas,WALL_ART,2.72155422,0.0331838046,0.9996980562854356,0.9996980562854356,0.033173784958775696,592,2.343528
B07DBDZC9N,"Amazon Brand – Ravenna Home Naomi 3-Drawer Storage Side End Table Nightstand, 17.7""W, White",metal,TABLE,21.31884139,0.107272473970752,0.8049464081711949,0.965611747899798,0.08634859261839482,6762,0.403252
B07QHL2D4B,"Amazon Brand – Rivet Modern Textured Stoneware Vase, 13.9""H, White",stoneware,VASE,2.0411656650000003,0.0059883040842711,0.40805139056334766,0.7562675839001053,0.0024435358087029966,4240,10.384772
B072FVHNS7,"Amazon Brand – Stone & Beam Kristin Round Arm Performance Fabric Loveseat Sofa Couch, 88""W, Stone",polyester/nylon; wood frame,SOFA,55.33826914,2.0008605144,0.6653144218091778,0.8184857158819803,1.3312013562588498,35404,2.354848
B07B4ZM3NC,"Amazon Brand – Stone & Beam Bridgewater Scalloped King Headboard, 88""W, Spinnsol Iron",iron,HEADBOARD,41.276905670000005,0.3677257161599999,0.5669501844487654,0.7171665955278266,0.2084821626034663,51098,2.506292
B075X4PRPZ,"Amazon Brand – Rivet Uptown Mid-Century Tufted Customizable Daybed Sofa, 78""W, Platinum &amp; Silver",velvet,SOFA,62.142154690000005,0.8627789196,0.7177279063724401,0.9755405763633197,0.6192405076267838,27106,4.62204
B073WGGXGK,"Amazon Brand – Stone & Beam Rustic Wood and Iron Barn Door Hanging Wall Mirror Decor, 30 Inch Height, Natural",iron,HOME_MIRROR,4.309127515,0.01991028276,0.808749311056492,0.8042577263982967,0.016102427465089948,13628,2.99216
B074KN35K2,"Amazon Brand – Stone & Beam Cabernet Slatted 2-Drawer Cabinet, 23.6""W, Ash",stone,CABINET,17.6719587352,0.1930869725349599,0.5236876936055672,0.9792553290835656,0.10111727131211466,33526,3.343472
B07HKF28KS,"Amazon Brand – Rivet Mid-Century Swiveling Wall Sconce with Bulb, 11""H, Black and Antique Brass",brass,LIGHT_FIXTURE,1.36077711,0.0252360785599999,0.0595779758656201,0.34463552959051896,0.0015035144793905668,13836,1.872424
B07B4MSPD2,"Amazon Brand – Stone & Beam Andover Modern Sofa Couch, 78""W, Light Blue",stone,SOFA,11.33980925,1.6999940193599998,0.6566424175878871,0.8679418941757543,1.1162881827574997,19496,3.082164
B075X463M1,"Amazon Brand – Stone & Beam Stella Storage Ottoman on Wheels, 47""W, Blue",stone,OTTOMAN,29.48350405,0.374313315888,0.9756667214532342,0.9449627178612254,0.36520504570873374,24140,2.807072
B07QC9YBPM,"Amazon Brand – Ravenna Home Casual Vanity Light, 7.80""H, Oil-Rubbed Bronze",,LIGHT_FIXTURE,2.6988746015,0.0237205150466169,0.19746137038777115,0.5902919323105924,0.004683885407408718,42763,11.778232
B072ZNMKG6,"Amazon Brand – Rivet Hairpin Wood and Metal Side End Table, Walnut and Black",metal,TABLE,10.6775643898,0.0998454009251981,0.16523928145951755,0.7641664792435797,0.016498382305917183,2476,1.624016
B07JQX9FPJ,"Amazon Basics Tufted Outdoor Square Seat Patio Cushion - Pack of 2, Black Geo",spun_polyester,PILLOW,1.8506568696,0.0288002649799999,0.24691413450792019,0.4852028771977865,0.007111192501135438,42764,3.736676
B073P6HGK1,"Amazon Brand – Rivet Pink Tree Blossoms at the Villa Photo Print Wall Art, Gold Wood Frame, 30"" x 30""",wood,WALL_ART,1.587573295,0.0221225364,0.9995028065696855,0.9995028065696855,0.022111537220240025,1540,1.068252
B07HZ73RX2,"Amazon Brand – Stone & Beam Dalton Loveseat, 63.5""W, Charcoal",wood,SOFA,46.72001411,1.2747087409000002,0.6695917134506014,0.8223353813855909,0.8535344099696899,14964,3.111252
B07HZ5JDJJ,"Amazon Brand – Stone & Beam Blaine Modern Ottoman, 36.2""W, Beige",,OTTOMAN,11.974838568,0.273565515319488,0.7403186886473484,0.8732587150905059,0.20252566356045942,22272,3.167264
B07B86T48F,"Amazon Brand – Rivet Ian Modern Wood Small Kitchen Dining Table, Expandable, 39-55""L, Brown",wood,TABLE,30.998502565800003,0.811159668,0.20050642919437472,0.963269927746659,0.16264272853717449,2940,2.851964
B07B4ZFD2X,"Amazon Brand – Stone & Beam Bridgewater Scalloped Queen Headboard, 71""W, Curious Indigo",stone,HEADBOARD,33.56583538,0.29668779372,0.5717301852192339,0.7174706815966995,0.16962536725582145,44949,4.024164
B07HSK3534,"Amazon Brand – Stone & Beam Leon Modern Farmhouse Kitchen Counter Bar Stool, 45""H, Dove Grey",stone,STOOL_SEATING,8.164662660000001,0.26952623514,0.21176206266446257,0.7487221803712553,0.05707543149543336,34196,3.450116
B075YLMBXK,"Amazon Brand – Stone & Beam Vintage Framed Black and White Barn Door Photo Wall Art - 13 x 15 Inches, Rustic Brown",wood,WALL_ART,1.6283966083,0.00399434685,0.9990852815647735,0.9990852815647735,0.003990693147299616,2010,1.697996
B072FVHSSC,"Rivet Fold Modern Ottoman Sofa Bed, 48""W, Dark Grey",wood,OTTOMAN,53.297103475,0.3803845264552319,0.9292817417780876,0.92437588646862,0.35348439528975095,17540,4.459708
B071PDYXKC,"Amazon Brand – Rivet Ava Mid-Century Modern Upholstered Ottoman, 25.6""W, Light Grey","fabric , wood frame",OTTOMAN,7.484274105000001,0.168608992329728,0.5917463793648737,0.8934303414264017,0.09977376073947632,5262,1.568356
B07B515BXL,"Amazon Brand – Rivet Contemporary Geometric Wool Runner Hallway Rug, 2' 6"" x 8', Blue, Ivory",wool,RUG,4.082331330000001,0.0141584232959999,0.9933325138680404,0.9933325138680404,0.014064022205023407,764,3.12592
B0732L9718,"Amazon Brand – Stone & Beam Braided Jute Area Rug, 5 x 8 Foot, Sand","70% jute, 30% cotton",RUG,10.704779932,0.0377557954559999,0.8742980072329957,0.8742980072329957,0.0330098167286773,9500,4.79294
B07K6N5FVX,"Amazon Brand - Movian Ohrid 1-Door 1-Drawer Desk, 120 x 55 x 76cm , White",engineered_wood,DESK,36.99999996897215,0.5015999984651041,0.4841694903089538,0.9828265784592923,0.24285941559582144,28576,1.084444
B075YP3BHQ,"Amazon Brand – Rivet Mid-Century Modern Upholstered Low Back Kitchen Bar Stool, 41""H, Light Grey",wood,STOOL_SEATING,7.983225712000001,0.2821852420799999,0.2508794329595442,0.7861276734330748,0.07079447352258209,39704,2.511
B07HSBRSVB,"Amazon Brand – Stone & Beam Kinsley Barstool 42""H, Ivory",stone,STOOL_SEATING,9.0718474,0.2952621191519999,0.20457540460683007,0.6906390684624009,0.06040336749059045,33534,2.76388
B07HZ1RYNT,"Amazon Brand – Stone & Beam Fischer Sleeper Chair, 51""W, Driftwood Leather",leather,CHAIR,92.07925111,1.525504561888,0.6257190926649039,0.7936963769000085,0.9545373303207312,69426,5.011508
B07DBCFV7K,"Amazon Brand – Ravenna Home Wood and Metal Detailed Swivel Kitchen Bar Stool, 44 Inch Height, Dark Espresso",metal,STOOL_SEATING,8.073944186,0.2481715965590399,0.11773168571693621,0.6630301373952676,0.02921766040995917,20168,3.534248
B075HWBL9Q,"Amazon Brand – Stone & Beam Organic-Shape Stoneware Round Decorative Organizer Box, 4.75 Inch Height, Sand",stoneware,STORAGE_BOX,1.179340162,0.0028021879439999,0.8028917400652713,0.7500332425875926,0.002249853554348005,11948,1.919244
B07DBDX15Y,"Amazon Brand – Ravenna Home Hughes Curved Back Tufted Patterned Accent Chair, 25""W, Ivory Leaf",polyester,CHAIR,15.6670804598,0.3553555835305083,0.2749484955582232,0.6136258161157058,0.09770448307992777,21858,3.227804
B075YNL272,"Amazon Brand – Stone & Beam Elden Nailhead-Trim Saddle Kitchen Counter Backless Bar Stool, 30""H, Hemp",stone,STOOL_SEATING,5.987419284,0.1376513375999999,0.21383412942912564,0.9379900383093049,0.029434553940450647,15040,3.204196
B07HZ7TL5X,"Amazon Brand – Stone & Beam Fischer Full-Sized Sleeper Sofa, 72""W, Stone Fabric",wood,SOFA,92.07925111,1.525504561888,0.7083205784317324,0.8388883619793209,1.0805462736767546,86386,5.482404
B073P5QJ14,"Amazon Brand – Rivet 9-Piece Pastel Floral Art Mural on Wood, 36"" x 36""",wood,WALL_ART,6.80388555,0.0106188174719999,0.9995399201103238,0.9995399201103238,0.01061393196762889,13968,3.292036
B07B4YNHPF,"Amazon Brand – Rivet Gwyneth Mid-Century Velvet King Bed with Headboard, 82""W, Navy Blue",velvet,BED,49.895160700000005,6.065806932877999,0.37031157819450405,0.7481978099454472,2.246238538337216,41824,3.275016
B0735SFWRT,"Rivet UL Feizy Rug B0735SFWRT 2'6"" x 8' Cream",羊毛,RUG,31.932902848000005,0.0736238011391999,0.9348245374866835,0.9348245374866835,0.06882533584796412,2520,2.50302
B073WRF56P,"AmazonBasics Foldable, 14"" Metal Platform Bed Frame with Tool-Free Assembly, No Box Spring Needed - California King",steel,BED_FRAME,23.042492396,1.3875254830079995,0.1623640065766399,0.5585541679277005,0.2252841966483663,67862,2.562664
B07124WQLW,"Amazon Brand – Rivet Apex Modern Oversized Sofa Couch, 81""W, Ash Grey",hardwood,SOFA,44.406693023,1.4746484558584798,0.5615660017632358,0.8596928877310555,0.828112437362776,46942,2.656836
B075X4J15G,"Amazon Brand – Rivet Eva Mid-Century Modern Tufted Velvet Down-Filled Accent Chair, 33.5""W, Dark Grey","velvet, hardwood frame, metal legs",CHAIR,52.943301426400005,0.58536999458025,0.6108755871162247,0.9354454408769861,0.35758823911943144,99063,5.264684
B07B4MKFR5,"Amazon Brand – Stone & Beam Bartow Living Room Loveseat Sofa with Slipcover, 86""W, Natural",stone,FURNITURE_COVER,22.6796185,0.3891927699999999,0.7492498988991101,0.8468703517592334,0.29160264357476456,27587,1.490444
B075Z9S1W8,"Amazon Brand – Stone & Beam Old World Area Rug, 8 x 10 Foot, Blue and Orange",stone,RUG,12.70058636,0.0943894886399999,0.9892772177353829,0.9892772177353829,0.09337737070524463,2076,3.771168
B07B51HWFF,"Amazon Brand – Stone & Beam Tisbury Nailhead Trim King Bed, 84""W, Spinnsol Iron",iron,BED,77.1107029,7.091796913151998,0.3001363022954099,0.6888598139373251,2.1285057021434426,26122,3.11932
B07HKCRWSY,"Amazon Brand – Rivet Modern Frosted Opal Glass Outdoor Wall Mount Sconce with Light Bulb - 5.91 x 6.97 x 14.97 Inches, Antique Bronze Steel",glass,LIGHT_FIXTURE,3.0980358871,0.010105160346155,0.7102263119495602,0.894284647885303,0.007176950764308607,2140,2.406644
B07HZ57QH1,"Amazon Brand – Stone & Beam Calhoun Loveseat Sofa, 62.5""W, Ecru",wood,SOFA,45.359237,1.826436605184,0.6692629455903115,0.767174445121776,1.2223663423194127,14486,3.445524
B075QDMWTP,"Amazon Brand – Rivet Payton Mid-Century Modern Tufted King Bed with Headboard, 82"" W, Natural",tela,BED,44.45205226,7.158452646266072,0.2671181826103416,0.7275966955011347,1.9121528611727836,31880,3.501816
B075X4F3R5,"Amazon Brand – Rivet Jamie Leather Mid-Century Modern Low Arm Accent Chair, 31""W, Cognac",leather; hardwood frame,CHAIR,19.95806428,0.5761454089971999,0.30571052609093086,0.5177786088525473,0.1761337160894085,20582,3.486824
B07CB5GT3M,"Amazon Brand – Stone & Beam Cheyanne Modern Living Room Accent Arm Chair, 30.7""W, Caviar",stone,CHAIR,20.41165665,0.6446906295839039,0.3944757002134371,0.6890093927395244,0.2543147875261521,37940,11.218256
B073P1BJS9,"Amazon Brand – Rivet Metallic Bronze Mandala Print, 24"" x 24""",canvas,WALL_ART,0.90718474,0.0141584232959999,0.6281170165331311,0.9621309915814873,0.008893146599496637,4022,1.276436
B07DBGJ3TF,"Amazon Brand – Ravenna Home Jessica Rustic Open Storage Side End Table, 31.5""H, Grey Pine",wood,TABLE,9.389362059,0.1959832550004479,0.31020646879045477,0.9998339981871012,0.060795273475748174,18710,2.788396
B07B4ZFBWP,"Stone & Beam Modern Task Lamp, 18.5""H, Antique Brass with Wireless Charging",glass/metal+plastic,LAMP,1.81436948,0.0227370512999999,0.09090921405099897,0.4698215678108762,0.0020670074635202353,9228,1.659832
B075XZMMG7,"AmazonBasics Upholstered Platform Bed, King, Black",faux_leather,BED,43.09127515,4.17769941490704,0.12104156441789941,0.6843547474978295,0.5056752728480911,7482,1.537024
B07QHJPJFX,"Amazon Brand – Rivet Rustic Stoneware Crosshatch Indoor Outdoor Flower Plant Pot, 7.9""H, Bronze",stoneware,PLANTER,2.5854765090000003,0.0096718970747478,0.29942504393227376,0.7644027484608834,0.0028960082065147903,22240,11.162944
B073P5Y9TY,"Amazon Brand – Stone & Beam Abstract Topographic Print in Black Wood Frame, 30"" x 30""",wood,WALL_ART,1.81436948,0.0221225364,0.9344346884096975,0.9998173313063543,0.02067206540776619,540,1.554532
B073P1H7F9,"Amazon Brand – Rivet Wooden Dock at the Lake Canvas Print, 36"" x 24""",canvas,WALL_ART,1.81436948,0.0212376349439999,0.9994871297540414,0.9994871297540414,0.021226742792942593,916,1.485292
B07B4Z7MP3,"Amazon Brand – Stone & Beam Duwamish Classic Metal King Bed with Headboard, 80.5""W, Dark Bronze",metal,BED,41.73049804,6.541707755267999,0.2817771171609938,0.7120149074340074,1.8433035525891326,20940,2.839516
B07B4ZVXTW,"Amazon Brand – Rivet Geometric Wool Area Rug, 8 x 10 Foot, Dark Grey, Ivory",wool,RUG,18.1436948,0.0566336931839999,0.6603262480880939,0.6603262480880939,0.03739671413556291,12064,4.019996
B071V8DQVQ,"Amazon Brand – Rivet Rain Drop Oval Hanging Wall Mirror, 24 Inch Height, Weathered Finish",glass,HOME,2.2951773922,0.0047194744319999,0.13524086303059216,0.3185666389386259,0.0006382657952344802,5402,3.299332
B072M1VG99,"Amazon Brand – Stone & Beam Bryant Modern Sofa Couch with Slipcover, 85.1""W, Storm Grey",hardwood in blend of cotton/linen/viscose/polyester,HOME_FURNITURE_AND_DECOR,56.88048319800001,1.879579853736,0.7836351455005651,0.8541610946111768,1.4729048321623412,13394,4.08078
B071FMSYZV,"Rivet Fold Modern Ottoman Sofa Bed, 48""W, Light Grey",wood,OTTOMAN,53.297103475,0.3803845264552319,0.9791731853274643,0.926674895818228,0.37246232841844856,13904,1.640224
B07B8PXTR2,"Amazon Brand – Stone & Beam Modern Windowpane Wood Picture Frame, 25""H, Natural And Black",,HOME,2.0683812072,0.0091470588093296,0.7084863866305035,0.7684612306100806,0.006480566644118643,3392,0.941012
B073P5SYY9,"Amazon Brand – Stone & Beam Modern 9-Piece Mural of Balloons and Eiffel Tower on Wood, 60"" x 60""",wood,WALL_ART,18.1436948,0.0294967152,0.9997700362677251,0.9997700362677251,0.02948993202528276,10080,1.125884
B075X4VWS3,"Amazon Brand – Rivet Modern Oversized Upholstered Square Ottoman, 38""W, Boho",polyester/ hardwood /wood,OTTOMAN,14.51495584,0.378606726656,0.6744748312224318,0.9229250778084475,0.25536070806098293,13252,4.99706
B07HZ4XHMX,"Amazon Brand – Stone & Beam Carrigan Casual Loveseat, 68""W, Navy",stone,SOFA,50.34875307,1.920826093824,0.6342517038025732,0.7726383532645994,1.2182872227163135,36480,2.279652
B07QZ21DDV,"Marque Amazon - Movian Scutari - Chaise d'appoint, 75 x 78 x 78 cm, Gris clair",fabric,CHAIR,15.199999987253424,0.4562999986037219,0.4187196160589466,0.7549100536620845,0.1910617602230483,23834,7.570176
B0719STF99,"Rivet Pink Global Floral Wool Rug, 4' x 6', Pink",wool,RUG,7.620351816,0.0368119005695999,0.9441203917246298,0.9441203917246298,0.034754865985898775,2816,3.432028
B075ZB9WDL,"Amazon Brand – Stone & Beam Los Altos Striped Dhurrie Farmhouse Area Rug, 8' x 10' 6"", Blue and Ivory",stone,RUG,3.62873896,0.0153382919039999,0.9360373775975616,0.9360373775975616,0.014357214530645975,18972,1.994192
B073P5C7P6,"Amazon Brand – Rivet 9-Piece Golden Gate Bridge Mural Wall Art on Wood, 60"" x 60""",wood,WALL_ART,18.1436948,0.0294967152,0.9997784861620216,0.9997784861620216,0.02949018126940829,1148,1.093176
B075X33SSW,"Amazon Brand – Stone & Beam Elmore Pillow-Top Armless Accent Chair, 24""W, Beige",stone,CHAIR,17.23651006,0.4542494140799999,0.49822926182190713,0.7243757876460235,0.22632035026011219,25756,2.576596
B07DBHCKKS,"Amazon Brand – Ravenna Home Living Room Table Desk Lamp With LED Light Bulb - 24.25 Inches, Dark Bronze With White Shade",fabric,LAMP,2.8485600836,0.070963394072928,0.11351173528808722,0.5109326094026121,0.00805517800315042,37272,2.354316
B07QV18PGY,"Marchio Amazon - Movian Enol - Mobile TV, 165 x 40 x 43.2 cm (L x P x A), colore bianco / gambe in faggio",legno ingegnerizzato,FLAT_SCREEN_DISPLAY_MOUNT,25.999999978196644,0.2851199991275328,0.8231293615297441,0.9744939329122276,0.23469064284120725,9196,1.699884
B07B4MKBPY,"Amazon Brand – Stone & Beam Andover Slipcover Chair, 38""W, Spa-Colored Fabric",,HOME_FURNITURE_AND_DECOR,42.18409041,0.8539462921039999,0.7160536962503599,0.8689690005046925,0.6114713988603586,44208,3.644904
B07B82WF6G,"Amazon Brand – Rivet Mid-Century Modern Wood Round Dining Kitchen Table, 43.3""W, Beige",wood,TABLE,21.409559864,0.9063563014773196,0.08498676017847699,0.5802362289969653,0.07702828562990435,2352,2.42526
B07B51XCGS,"Amazon Brand – Stone & Beam Casual Geometric Kilim Cotton Area Rug, 4 x 6 Foot, Flatweave, Blue, Orange, Ivory",cotton,RUG,6.80388555,0.0169901079551999,0.9630690960798842,0.9630690960798842,0.016362647910714016,1776,3.418144
B072M1WJTW,"Amazon Brand – Rivet Madison Modern Round Lift-Top Storage Tray Ottoman Pouf, 19.7""W, Denim",wood / denim,OTTOMAN,6.078137758,0.1049343185180399,0.8023770036272573,0.7601951087531706,0.08419688407017308,10376,3.572928
B072FRKS3D,"Rivet Gold and Blue Royalty Rug, 2'6"" x 7'6"",","pile: 55% polypropylene/45% polyester, backing: 100% jute",RUG,4.535923700000001,0.0075511590911999,0.7873891979902397,0.7873891979902397,0.005945701100716596,1584,2.808784
B07DBDV64G,"Amazon Brand – Ravenna Home Penridge Rolled Armed Seamed Back Accent Chair, 29.92""W, Light Grey",polyester,CHAIR,13.0543884086,0.4585328851104601,0.3264216430248413,0.6445523006685027,0.14967505773867718,13198,4.13872
B07B4YVDK5,"Amazon Brand – Rivet Modern Geometric Area Rug, 4 x 6 Foot, Red, Beige",,RUG,6.80388555,0.0169901079551999,0.8792691922847639,0.8792691922847639,0.014938878498599557,3632,2.756532
B0722L1N3X,"Amazon Brand – Stone & Beam Round Distressed Metal Mirror, 36""H, Tin and Gold Finish",metal,HOME_MIRROR,7.892507237999999,0.0849505397759999,0.49867233029084723,0.6913141885301287,0.04236248362956317,9488,1.871436
B073P5124R,"Amazon Brand – Rivet 9-Piece Golden Gate Bridge Mural Wall Art on Wood, 36"" x 36""",wood,WALL_ART,6.80388555,0.0106188174719999,0.9997784915367296,0.9997784915367296,0.010616465314059928,1180,1.09448
B07B4G5YPR,"Amazon Brand – Stone & Beam Varon Modern Lounge Daybed Chaise, 34.2""W, Indigo",stone,CHAIR,29.02991168,1.0153834760418894,0.4021358825030881,0.7107754993785381,0.4083221302171584,9492,3.291016
B07HZ5RT3Y,"Amazon Brand – Stone & Beam Blaine Modern Loveseat Sofa, 55.9""W, Light Grey",polyester,SOFA,39.91612856,1.2119167890647995,0.5912787381019682,0.8142176571285693,0.7165806297228238,37436,2.528904
B075YL2S17,"Amazon Brand – Stone & Beam Classic Red, White and Blue Flag Patterns Print Wall Art Decor - 21"" x 27"" Frame, Warm Grey Barnwood",paper,WALL_ART,4.535923700000001,0.0069685989659999,0.9893037062248612,0.9983797220349313,0.0068940607842584364,2444,3.831488
B07HYY8Z7P,"Amazon Brand – Rivet Goodwin Modern Living Room Accent Chair, 32.3""W x 35.8""H, Charcoal Grey",polyester,CHAIR,22.951773922,0.6859544366045119,0.4794449175771673,0.7295801285233399,0.32887736831954245,40982,4.891028
B07K6MBGYH,"AmazonBasics Heavy Duty Non-Slip Bed Frame with Steel Slats, Easy Assembly - 14""H, Full",steel,BED_FRAME,18.234413274,0.9291465288,0.33866405451093207,0.7894523276986225,0.3146685306781665,23256,2.042176
B07MQF766Y,"Ravenna Home 1-Drawer Kitchen Cart, 36.5""H, Black with Wood Top",,HOME_FURNITURE_AND_DECOR,30.8987122444,0.31856452416,0.5044580747349989,0.9140304386570375,0.16070244653662463,50618,8.892352
B07MND862G,AmazonBasics Classic Solid Rubber Wood Rolling Kitchen Cart with Cabinet - Rustic White,wood,HOME_FURNITURE_AND_DECOR,9.0718474,0.2607843919785599,0.8061722552329534,0.9126240716888671,0.21023714141091018,28428,4.591236
B073NZT573,"Amazon Brand – Stone & Beam Modern Print of Empire State Building Sketch, Black Frame, 18"" x 26""",,WALL_ART,0.90718474,0.003834572976,0.9999999379135064,0.9999999379135064,0.0038345727379248094,548,0.735228
B075X65R39,"Amazon Brand – Stone & Beam Charles Classic Oversized Leather Sofa, 92""W, Sod",leather,SOFA,77.1107029,2.234277854016,0.6635722159877087,0.7612196631118306,1.4826047067216594,40524,4.163012
B07LC5Y95W,Amazon Brand - Solimo Vega Engineered Wood Hydraulic Half Lift-on Queen Bed (Espresso Finish),engineered wood,BED,138.99999988343592,2.7731169292318696,0.7639912013252191,0.829655273375704,2.118636934179159,13174,11.282172
B07QPZJ947,Amazon Brand - Movian Rome Coffee Table,glas,TABLE,10.119999991513463,0.3167999990305919,0.041907798760762865,0.6719973927663151,0.013276390606783917,14578,7.572576
B075YN3GVN,"Amazon Brand – Rivet Ricky Mid-Century Modern Set of 2 Upholstered Dining Room Kitchen Chairs, 37 Inch Height, Felt Grey",felt,CHAIR,7.484274105000001,0.2764825438079999,0.20152742491205983,0.6503449261022154,0.05571881508676199,19434,2.85048
B075YP38DX,"Amazon Brand – Rivet Tina Mid-Century Modern Curved Back Kitchen Dining Chairs, 25""W x 36""H, Ash Grey, Set of 2",polyester/10% linen on wood frame,CHAIR,7.983225712000001,0.2802187943999999,0.20573982986691097,0.6186189664021933,0.057652167085366884,24712,2.076492
B073P1BJMK,"Amazon Brand – Rivet Vintage-Look Palm Trees Turquoise and Sepia Canvas Print Wall Art , 16"" x 24""",canvas,WALL_ART,0.90718474,0.0094389488639999,0.9976034694724455,0.9976034694724455,0.009416328134899298,1064,0.825544
B07J2Z2DPN,"Amazon Brand – Rivet Brooke Contemporary Mid-Century Modern Tufted Leather Sofa Couch, 82""W, Cognac",leather,SOFA,51.392015521000005,1.4579570840799998,0.6251202530399329,0.973172401013422,0.9113985013214522,50266,5.674436
B078JJG79V,"Amazon Brand – Stone & Beam Distressed Decorative Wooden Blanket Ladder, 70.87""H, White",,HOME,2.993709642,0.041158159619,0.6618654420388693,0.944760121105496,0.027241163509735773,9748,5.120036
B073P2N985,"Amazon Brand – Stone & Beam Deco Metal Frame Living Room Desk Lamp With Light Bulb and White Shade - 20.75 x 12 x 12 Inches, Black",metal+fabric,LAMP,1.224699399,0.0489645472319999,0.11723145870790654,0.5591060453832934,0.005740185296979536,9166,1.71158
B07B4Z32WP,"Amazon Brand – Stone & Beam Bridgewater Curved Queen Headboard, 66""W, Spinnsol Indigo","polyster/linen blend fabric, polyurethane foam, plywood frame",HEADBOARD,29.937096420000003,0.2422663541759999,0.5580056583820651,0.7009702111341087,0.13518599646580137,35855,1.594476
B074VM1T62,"Amazon Brand – Rivet Bohemian Stripe Decorative Pillow, 17"" x 17"", Ink",polyester/ cotton,PILLOW,0.45359237,0.0142075844879999,0.5907831651531998,0.5406290198606385,0.008393601733002085,8462,2.9006
B07DBGPV4C,"Amazon Brand – Ravenna Home Goodwin Faux Leather Tufted Wingback Club Accent Chair, 33""W, Brown",faux leather,CHAIR,26.30835746,0.7097647094999999,0.25495313052094637,0.5048530065428,0.18095673462031506,173335,7.145516
B07B4MYPXN,"Amazon Brand – Stone & Beam Brandeberry Leather Sofa, 82""W, Driftwood",leather,SOFA,78.47148001000001,1.832860334272,0.6233854502911766,0.7377044457983462,1.1425784648009873,141448,7.33552
B07DBHGHS7,"Amazon Brand – Ravenna Home Wood and Metal Detailed Swivel Kitchen Bar Stool, 44 Inch Height, Dark Espresso",metal,STOOL_SEATING,7.774573221800001,0.2481715965590399,0.10633652996145451,0.6959022115055844,0.02638970641308235,28802,3.624496
B07DBG26SH,"Amazon Brand – Ravenna Home Rosalind Swivel Ladder Back Bar Stool, 43.6""H, Distressed Gray",,STOOL_SEATING,8.981128926,0.2491179490953633,0.1483289536459083,0.6560375297828654,0.03695140472372989,22812,2.019228
B075HWTX99,"Amazon Brand – Rivet Triangular Wall Mount Vase, 8.75""H, Modern Earthenware, White",ceramic,PLANTER,0.2993709642,0.002365882365,0.2910009692316258,0.2530947404552636,0.000688474061303011,4856,0.603644
B075X4F3PF,"Amazon Brand – Rivet Aiden Tufted Mid-Century Velvet Bench Seat Sofa, Without Side Pillows, 74""W, Hunter Green",velvet,SOFA,38.10175908,1.33009931140896,0.561411818464258,0.817780884186746,0.7467334731561617,35068,3.844808
B07DBGPVKR,"Amazon Brand – Ravenna Home Darian Faux Leather Oversized Pillow Sofa, 92""W, Brown Faux Leather",faux leather,PILLOW,58.513415730000006,2.0081363708159996,0.5994644341932727,0.714092038902941,1.203806333314145,45310,2.876096
B07BL5WPHR,AmazonBasics Classic Grand 3-Piece Mirror Table Vanity Set with Stool - White,pine,HOME_FURNITURE_AND_DECOR,39.91612856,0.8675573874624,0.10923714730312648,0.5208562688276329,0.09476949412814575,27048,1.883592
B07B51N75G,"Stone & Beam Brecken Modern Wood Bedroom Dresser, 55"", Brass Hardware, Brown",wood,BED,64.99978662100001,0.5362666693999999,0.9141652091698687,0.9761532023300631,0.4902363320028797,76646,4.50418
B072Y6Y96S,AmazonBasics Classic Reception Office Chair with Mahogany Wood Finish Legs - Black,caressoft upholstery; mahogany wood finish legs,CHAIR,12.201634753,0.4038905290986165,0.24619862694925687,0.7479253151436113,0.09943729370188827,13700,1.471456
B07B4YXRJ6,"Amazon Brand – Stone & Beam Katama Slipcover King Headboard, 83""W, Cream Herringbone",stone,HOME_FURNITURE_AND_DECOR,39.91612856,0.282906272896,0.5908817949412902,0.7193346498641011,0.16716416632893896,18408,1.26098
B07B7B9FH8,"Amazon Brand – Rivet Federal Mid-Century Modern Wood Dining Kitchen Chairs, Set of 2, Green",wood,CHAIR,11.9975181865,0.297326889216,0.15106831675841667,0.5196342519704051,0.044916672680877345,21052,3.317544
B07JQZ87G8,"Amazon Basics Tufted Outdoor Square Seat Patio Cushion - Pack of 2, Red",spun_polyester,PILLOW,1.8506568696,0.0288002649799999,0.24452818195497705,0.48503166114448343,0.007042476435380969,42328,3.140136
B07HSCRGTJ,"Amazon Brand – Stone & Beam 2-Tier Rustic Accent End Table, 26""W, Light Wood and Dark Metal",stone,TABLE,22.22602613,0.0511641828327199,0.07840517180080803,0.592222536800338,0.004011536545047357,3256,2.63996
B075X2X4XS,"Amazon Brand – Stone & Beam Charles Classic Oversized Leather Accent Arm Chair, 39""W, Sod",stone,CHAIR,44.905644630000005,0.9471395250719998,0.5232312720722929,0.6901487552604393,0.4955730185333698,42706,4.25244
B07JM1QT63,"Amazon Brand – Stone & Beam Vintage Throw Pillow - 20 x 20 Inch, Multi Color Bright",,PILLOW,0.6803885550000001,0.0393289535999999,0.6745494868630169,0.6159281112354071,0.02652932546973933,10240,3.393712
B07HSDY9FC,"Amazon Brand – Stone & Beam Kinsley Dining Chair, 37.5""H, Set of 2, Washed Denim",,STOOL_SEATING,12.70058636,0.4071161212499999,0.21587738771801182,0.5897532945936992,0.08788716475333934,35856,4.9388
B07JY29YYP,"Amazon Brand – Stone & Beam Wolcott Swivel Chair, Fabric, 33""W, Latte",textile,CHAIR,31.751465900000003,0.6424384570559999,0.5232529903553937,0.6183854686115957,0.33615784377385716,24054,3.952068
B075YQ46MP,"Amazon Brand – Rivet Mid-Century Modern Wood and Metal 3-Tiered Kitchen Bar Cart with Wheels, 27.9""W, Natural and Gold Finish",rubberwood trays; metal frame,HOME_FURNITURE_AND_DECOR,14.106722707,0.1785813428635676,0.13688319648271466,0.808954130191731,0.024444785043340758,25422,2.988304
B07G2N6Y3P,ROSSINI LIFE 3 SEATER,,SOFA,59.99999994968457,1.6071999950819678,0.5582135620749713,0.8199224865913041,0.8971608342215815,27578,3.29488
B075YV7TMR,"Amazon Brand – Rivet Tina Mid-Century Modern Curve Back Dining Room Kitchen Chairs, 25""W x 36""H, Light Grey, Set of 2",stone,CHAIR,7.983225712000001,0.2802187943999999,0.20573982986691097,0.6186189664022015,0.057652167085366884,24712,4.431336
B073P1H7FL,"Amazon Brand – Rivet Modern Black and Gold Mandala Canvas Print Wall Art, 36"" x 36""",canvas,WALL_ART,2.2679618500000003,0.031856452416,0.7588291947039165,0.9980250718879174,0.024173606132956917,660,2.15212
B07B51H792,"Amazon Brand – Rivet Imogene Oiled Bronze Queen Bed, 63.5""W, Dark Bronze",metal,BED,38.328555265,4.068662185239999,0.30222488017605775,0.710209300595059,1.229650941411016,17216,1.327036
B0728NWFGY,"Amazon Brand – Rivet Madison Modern Round Lift-Top Storage Tray Ottoman Pouf, 19.7""W, Caviar",wood frame,OTTOMAN,6.078137758,0.1049343185180399,0.8023770036272573,0.7601951090230233,0.08419688407017308,10376,3.89736
B075X2X4SR,"Amazon Brand – Stone & Beam Leila Tufted Oversized Accent Chair, 44"" W, Linen",linen,HOME_FURNITURE_AND_DECOR,44.45205226,0.8046703906559999,0.607422410079688,0.7775998366626362,0.4887748280120315,27314,2.682364
B07BWM2CSV,"Amazon Brand – Rivet Edgewest Modern Left-Facing Sofa Chaise Sectional, Leather, 115""W, Saddle",metal,SOFA,51.70953018,1.2388620383999998,0.48232742650671334,0.7045925119009773,0.5975371387783329,70399,4.0626
B07HZ1LZPZ,"Amazon Brand – Stone & Beam Carrigan Casual Ottoman with Slipcover, 33""W, Navy",stone,HOME_FURNITURE_AND_DECOR,13.6077711,0.2690551070499999,0.9307224186330768,0.9066076899306608,0.2504156199791573,13260,2.173224
B0754KHKCX,Furniture 247 2 Tier (4 Cube) Shelving Unit - White,,SHELF,18.49999998448607,0.2421665992589701,0.34354743081818223,0.9999998322820224,0.0831957130053955,504,10.293572
B07DBK7KF8,"Amazon Brand – Ravenna Home Wood and Metal Detailed Swivel Kitchen Bar Stool, 44 Inch Height, Dark Espresso",metal,STOOL_SEATING,8.1737345074,0.2481715965590399,0.11985495670698189,0.6887829141491221,0.029744595961486302,18708,3.162772
B07DBF3S66,"Amazon Brand – Ravenna Home Westcott Curved Tufted Rolled Arm Accent Chair, 34""W, Charcoal",wood,CHAIR,22.6796185,0.5352916390919998,0.47511893091111834,0.7421379885368207,0.2543271912910512,68116,4.920912
B07B4MYQMC,"Amazon Brand – Rivet Edgewest Low Back Modern Left U-Sectional, 117""W, Rouge Red",polyester,SOFA,53.97749203,1.4535981250559995,0.45950566633993917,0.7880130332263654,0.6679365750443432,35443,4.207236
B07B4W23CD,"Amazon Brand – Stone & Beam Bridgewater Curved King Headboard, 82""W, Spinnsol Natural","polyster/linen blend fabric, polyurethane foam, plywood frame",HEADBOARD,37.19457434,0.3009975915519999,0.5046477703301323,0.6933219581133735,0.1518977634514566,63904,3.38216
B072JC9KZ4,"Amazon Brand – Stone & Beam Contemporary Hourglass Wool Runner Rug, 2' 3"" x 7' 6"", Navy",wool,RUG,5.8967008100000005,0.01991028276,0.9991181641103866,0.9991181641103866,0.019892725158089878,536,1.257604
B075Z8Z38V,"Amazon Brand – Stone & Beam Quarterfoil Wool Runner Rug, 2' 3"" x 7' 6"", Light Multi",wool,RUG,6.35029318,0.01991028276,0.9955644313955383,0.9955644313955383,0.019821969334883786,1052,2.659232
B0825DNRXL,"Amazon Brand – Rivet Scandinavian Striped Table Lamp, LED Bulb Included, 25.25""H, Black and Blond Wood",wood,LAMP,0.5896700810000001,0.0595833647039999,0.1260981141418046,0.5640398732912305,0.007513349923397751,12020,11.69814
B07DBDPMWN,"Amazon Brand – Ravenna Home Naomi 3-Drawer Storage End Table Nightstand, 17.7""W, Grey",pine,TABLE,21.31884139,0.107272473970752,0.8112273375124321,0.9727624469254087,0.08702236344766483,6722,0.415188
B07JKJSTYT,"Amazon Brand – Rivet Modern Texture Throw Pillow - 18 x 18 Inch, Grey",,PILLOW,0.8482177319,0.0185829305759999,0.6320743047803826,0.5880266559863402,0.011745792924607253,22016,2.781944
B073772DH1,"Amazon Brand – Rivet Brass Arc Mid-Century Modern Living Room Standing Floor Lamp with Bulb, 76""H, Brass with Linen Shade",metal,LAMP,18.960161066,1.0810218379519998,0.035658889151717096,0.37650369336345635,0.03854803789011584,9880,3.151268
B07DBDX3VS,"Amazon Brand – Ravenna Home Rosalind Swivel Ladder Back Counter Stool, 39""H, Cherry",cherry,STOOL_SEATING,7.983225712000001,0.2234239135480533,0.15574343378911054,0.6667464892934081,0.034796807486575196,18150,2.936536
B07DBHKFZP,"Amazon Brand – Ravenna Home Flush Mount Pendant Ceiling Light with Opal Glass Shade And LED Light Bulb - 7.75 x 7.75 x 10 Inches, Dark Bronze",glass,LIGHT_FIXTURE,1.5512859054,0.0277118099698175,0.3264825747059416,0.5413406759629615,0.0090474230687078,10832,8.87902
B078JJHJFX,"Amazon Brand – Rivet Modern Ceramic Indoor Window Sill Planter Box Pot - 3 x 12 x 3 Inch, Green and Blue",ceramic,PLANTER,0.9389362059,0.0021096788128919,0.593554223771139,0.8373896876213304,0.0012522087701924696,4032,1.67956
B075YQXR5P,"Amazon Brand – Rivet Wide Cushion Mid-Century Modern Top-Grain Leather Set of 2 Accent Dining Room Kitchen Chairs, 26.8""W, Black",leather,CHAIR,7.484274105000001,0.3256437358079999,0.2116158243192018,0.6219965396926014,0.06891136758739427,49456,3.4965
B07BZQQP5G,"Amazon Brand – Rivet Fun Contemporary Office Desk Chair, 36""-39""H, Grey/Black",metal,CHAIR,22.906414685,0.2214465893639999,0.22279126601878896,0.604827656696226,0.04933636599994842,64564,3.241236
B07DBK7KH8,"Amazon Brand – Ravenna Home Accent Bedroom Table Lamp With LED Light Bulb - 18.5 Inches, Dark Bronze With White Shade",,LAMP,1.7463306245,0.0366272363840904,0.10936458040237589,0.5289434939556412,0.004005722338444682,18952,1.814428
B075QG3JVF,"Rivet Payton Mid-Century Modern Tufted King Bed with Headboard, 82"" W, Natural",tela,BED,59.42060047,7.185385279200698,0.3460968746916392,0.7394188764476902,2.486839388586673,32774,3.3671
B073ZRS8VF,"Amazon Brand – Rivet Emerly Modern Ottoman, 33"" W, Navy",metal,OTTOMAN,11.33980925,0.3114853125119999,0.7093855404992114,0.9447808852927313,0.22096317677389082,2908,2.640368
B07BZR1KVN,"Amazon Brand – Rivet Mid-Century Ceramic Planter with Stand, 18.9""H, White",ceramic,PLANTER,5.533826914,0.0628084157135625,0.223995649356196,0.7118265321036835,0.014068811862793336,4416,2.189756
B07B4Z7WD5,"Amazon Brand – Rivet Modern Geometric Area Rug, 8 x 10 Foot, Red, Beige",,RUG,18.1436948,0.0566336931839999,0.879269039767736,0.879269039767736,0.049796253024396164,3632,2.756508
B0719STF8C,"Amazon Brand - Stone& Beam Vintage Area Rug, 4' x 6', Dark Blue",stone,RUG,9.0718474,0.0113267386368,0.9974838280954134,0.9974838280954134,0.011298238615271487,3200,4.154488
B07B4D6MBS,"Amazon Brand – Rivet Edgewest Modern Ottoman, 32""W, Hunter Green",,HOME_FURNITURE_AND_DECOR,11.79340162,0.259046707712,0.7630508783217284,0.9297704945018255,0.19766581784599363,16932,3.192272
B07HSH4ZR2,"Amazon Brand – Rivet Kingston Modern Dresser 19.69""W, White",hardwood,DRESSER,14.741752025,0.1175858365697919,0.6940559294512517,0.9084370455017081,0.0816111470907499,8150,2.3851
B07JXF7251,"Amazon Brand – Stone & Beam Contemporary Vine Throw Pillow - 17 x 17 Inch, Black / Ivory",,PILLOW,0.6803885550000001,0.0260472382279999,0.5794024215983619,0.5374691346122874,0.015091832905252567,9404,3.802232
B07B4ZM3N8,"Amazon Brand – Stone & Beam Bridgewater Scalloped King Headboard, 88""W, Spinnsol Cocoa",stone,HEADBOARD,41.276905670000005,0.3677257161599999,0.5817700710076725,0.7275605760231241,0.21393181600175037,51266,3.144612
B07HPTFK9Y,"Amazon Brand - Alkove Kutina Hand-Crafted Leather Sofa, 3 Seater, 94 x 203 x 87cm, Grey",leather,SOFA,58.49999995094245,1.6601339949199898,0.5380000015297204,0.8533276106322149,0.8931520918064954,25440,4.228748
B07JY3QG6M,Amazon Basics Deep Seat Patio Seat and Back Cushion Set - Black Floral,spun_polyester,PILLOW,2.4856861876000003,0.051209575,0.3497957243632542,0.5591816867065694,0.017912890381459393,18160,4.969132
B07B8J8LXH,"Amazon Brand – Stone & Beam Bruckner Casual Wood Side Table, 24""W, Brown",wood,TABLE,18.1436948,0.2359737215999999,0.23190060522023065,0.909119434249011,0.05472244885511019,1778,2.726972
B071PDYXKX,"Amazon Brand – Rivet Audrey Modern Ottoman, 39""W, Denim",wood frame; synthetic legs; linen,OTTOMAN,17.372587771,0.4502636212774079,0.9899601572351518,0.946013178458941,0.44574304531705156,10636,3.554816
B07DTLWMN5,"Amazon Brand – Stone & Beam Modern Adjustable Floor Lamp With Bulbs And Off-White Shade - 16 x 19 x 64 Inches, Dark Bronze",,LAMP,10.745603245300002,0.0909902814940407,0.054877583176902334,0.4444195803305154,0.004993326740978975,19704,1.976468
B07JQMLVF8,Amazon Basics Deep Seat Patio Seat and Back Cushion Set - Green/Blue Flower,spun_polyester,PILLOW,2.4856861876000003,0.051209575,0.3497957243632542,0.5591816867065694,0.017912890381459393,18160,4.02542
B075X2NLK5,"Rivet Modern Deer Head Ceramic Lamp With Bulb, 19.5""H, White and Brass",ceramic+fabric,LAMP,1.81436948,0.0460148757119999,0.13907294755942928,0.5858225970078188,0.006399424396848618,26076,3.073432
B0732D26C3,"Amazon Brand – Stone & Beam Contemporary Mode Tone Wool Area Rug, 8 x 10 Foot, Dusty Blue",wool,RUG,23.58680324,0.1019406477312,0.9934607459073539,0.9934607459073539,0.10127403193331676,1092,1.8155
B07DT153M1,"Amazon Brand – Stone & Beam Modern Farmhouse Wood Base Adjustable Living Room Floor Lamp With LED Light Bulb And White Shade- 16 x 16 x 66.25 Inches, Black",linen,LAMP,8.445889929400002,0.1240922738408914,0.07061008586006129,0.511064230553447,0.00876216611047558,20358,2.734928
B075YPTFCH,"Amazon Brand – Rivet Tina Mid-Century Modern Curved Back Kitchen Dining Room Table Chairs, 25""W x 36""H, Marine Blue, Set of 2",,CHAIR,7.983225712000001,0.2802187943999999,0.20573982986691097,0.6186189664022015,0.057652167085366884,24712,4.09954
B075ZCLPVG,"Amazon Brand – Stone & Beam Wood and Metal Round Nesting Side End Tables, 34"" W, Set of 2, Pine",metal; wood,TABLE,19.50447191,0.3788689196799999,0.12118216734976729,0.7127263608790301,0.045912156828287295,22268,3.20434
B072635G66,"Amazon Brand – Rivet Emerly Modern Loveseat Sofa, 63""W, Ecru","velvet, hardwood frame, metal legs",SOFA,39.46253619,1.22853818808,0.5985636965229194,0.8327398597390259,0.7353583591767343,35020,3.128184
B073G6T3GM,"Amazon Brand – Rivet Six-Sided Modern Ottoman, 19""W, Mustard",,OTTOMAN,5.8967008100000005,0.1005674117679999,0.789701544886767,0.7523056245678877,0.07941824043845315,9552,2.204084
B0735VV7XT,"Amazon Brand – Stone & Beam Garrison Vintage Pattern Wool Area Rug, 8 x 10 Foot, Grey Multi",stone,RUG,12.70058636,0.0755115909119999,0.9644706286065367,0.9644706286065367,0.07282871155397617,33860,3.185512
B073P1S8VZ,"Amazon Brand – Stone & Beam Modern Black and White Print Wall Art of English Bulldog, Black Frame, 18"" x 18""",paper,WALL_ART,0.45359237,0.0026547043679999,0.9951323315617419,0.9951323315617419,0.002641782147334881,1760,0.998364
B07HK83QRB,"Tischlampe mit LED-Lampe, modernes Design, mit USB-Port, 21,6 cm Höhe, satiniertes Messing mit Holz",,LAMP,0.7983225712,0.0027601960924999,0.2153324806071828,0.5130489325046693,0.0005943598715602565,36490,3.431468
B00TOAN83I,"3525-84 Spiegel mit Applikation GW-Adana in Weiß, 87 x 63 x 3 cm (BxHxT)",,HOME_MIRROR,15.759999986783813,0.0224279999313703,0.9499922000741661,0.9499922000741661,0.021306424998065718,1064,9.539408
B07JLZJ94R,"Amazon Brand – Stone & Beam Classic Ticking Stripe Throw Pillow - 17 x 17 Inch, Indigo",,PILLOW,0.6803885550000001,0.0260472382279999,0.6378152775724918,0.5958591039691358,0.016613326480388577,10240,2.568016
B075X33SVR,"Amazon Brand – Stone & Beam Janelle Button Tufted Ottoman, 37""W, Khaki",stone,OTTOMAN,12.24699399,0.4262439217039999,0.4837070918201738,0.6422282411136954,0.20617720777346765,39228,3.521856
B07B4Z9BS4,"Amazon Brand – Stone & Beam Schoolhouse Semi-Flush Mount Ceiling Fixture With Light Bulb And Clear Glass Shade - 11 x 11 x 10.5 Inches, Matte Black",glass,LIGHT_FIXTURE,1.315417873,0.0208197648119999,0.4042714167817447,0.48095853619395684,0.008416835817609915,16178,1.197544
B0154WJZH2,"Amazon Brand - Movian Loue 2-Door 4-Drawer Sideboard Storage Cabinet, 145 x 90 x 38cm, Light Brown Oak-Effect/White",wood,CABINET,20.9999999823896,0.4958999984825459,0.9938200661501005,0.9938200661501005,0.49283536929575855,6324,4.161072
